﻿pos_x,pos_y,rotation,side,designator,mpn,pack,footprint,value,mount_type
143.4,-81.5,0.0,top,A2,,,SW_Push_1P1T_NO_CK_KSC6xxJ,Switch,smt
134.5,-88.5,0.0,top,B1,,,SW_Push_1P1T_NO_CK_KSC6xxJ,Switch,smt
67.0,-100.0,0.0,top,D1,,,D_DO-35_SOD27_P7.62mm_Horizontal,1N4148,tht
123.0,-94.0,0.0,top,D10,,,D_DO-35_SOD27_P7.62mm_Horizontal,1N4148,tht
111.0,-80.0,0.0,top,D11,,,D_DO-35_SOD27_P7.62mm_Horizontal,1N4148,tht
114.0,-90.0,0.0,top,D12,,,D_DO-35_SOD27_P7.62mm_Horizontal,1N4148,tht
75.0,-103.0,0.0,top,D2,,,D_DO-35_SOD27_P7.62mm_Horizontal,1N4148,tht
102.0,-115.0,0.0,top,D3,,,D_DO-35_SOD27_P7.62mm_Horizontal,1N4148,tht
59.0,-103.0,0.0,top,D4,,,D_DO-35_SOD27_P7.62mm_Horizontal,1N4148,tht
111.0,-87.0,0.0,top,D9,,,D_DO-35_SOD27_P7.62mm_Horizontal,1N4148,tht
69.1,-122.0,0.0,top,D_Down1,,,SW_Push_1P1T_NO_CK_KSC6xxJ,Switch,smt
60.1,-115.0,0.0,top,D_Left1,,,SW_Push_1P1T_NO_CK_KSC6xxJ,Switch,smt
69.0,-108.0,0.0,top,D_UP1,,,SW_Push_1P1T_NO_CK_KSC6xxJ,Switch,smt
77.9,-115.0,0.0,top,D_right1,,,SW_Push_1P1T_NO_CK_KSC6xxJ,Switch,smt
87.18,-67.9,0.0,top,U1,,,Adafruit_Feather,nRF52840_Featherwing,tht
134.5,-74.5,0.0,top,X1,,,SW_Push_1P1T_NO_CK_KSC6xxJ,Switch,smt
125.6,-81.5,0.0,top,Y1,,,SW_Push_1P1T_NO_CK_KSC6xxJ,Switch,smt
59.566599,-69.937,0.0,top,stick1,,,THB001P_CNK,THB001P,tht
126.5,-108.5,0.0,top,stick2,,,THB001P_CNK,THB001P,tht
