﻿Designator,Quantity,Value,Footprint,Package,MPN,DNP,Mount_Type,Description,Sim.Device,Sim.Pins
"A2, B1, D_Down1, D_Left1, D_UP1, D_right1, X1, Y1",8,Switch,SW_Push_1P1T_NO_CK_KSC6xxJ,,,,smt,"Push button switch, generic, two pins",,
"D1, D10, D11, D12, D2, D3, D4, D9",8,1N4148,D_DO-35_SOD27_P7.62mm_Horizontal,,,,tht,"100V 0.15A standard switching diode, DO-35",D,1=K 2=A
U1,1,nRF52840_Featherwing,Adafruit_Feather,,,,tht,Adafruit nRF52840 Featherwing,,
"stick1, stick2",2,THB001P,THB001P_CNK,,,,tht,,,
